trait_code	h2	intercept	max_abs_rg_with_any_trait	selected_for_efa	study_accession	biomarker_name	group	Z	h2_obs	h2_obs_se	n_independent_leads	reported_trait	ftp_path
Ala	0.0867669875358752	1.09735972801938	0.469174615244575	True	GCST90451109	Alanine	Amino acids	8.63963963963964	0.0959	0.0111	268	Alanine	ftp://ftp.ebi.ac.uk/pub/databases/gwas/summary_statistics//GCST90451001-GCST90452000/GCST90451109/GCST90451109.tsv.gz
Gln	0.101222826552266	1.0747680509461	0.412761532469427	True	GCST90451121	Glutamine	Amino acids	7.707482993197279	0.1133	0.0147	315	Glutamine	ftp://ftp.ebi.ac.uk/pub/databases/gwas/summary_statistics//GCST90451001-GCST90452000/GCST90451121/GCST90451121.tsv.gz
His	0.0321917241651027	1.10915062626427	0.279269962986735	True	GCST90451133	Histidine	Amino acids	7.229166666666668	0.0347	0.0048	110	Histidine	ftp://ftp.ebi.ac.uk/pub/databases/gwas/summary_statistics//GCST90451001-GCST90452000/GCST90451133/GCST90451133.tsv.gz
Ile	0.041565828305566	1.04652551277138	0.963634073287199	True	GCST90451146	Isoleucine	Amino acids	11.86486486486486	0.0439	0.0037	89	Isoleucine	ftp://ftp.ebi.ac.uk/pub/databases/gwas/summary_statistics//GCST90451001-GCST90452000/GCST90451146/GCST90451146.tsv.gz
Leu	0.0537927982710868	1.04162921179233	0.939260550100329	True	GCST90451158	Leucine	Amino acids	10.23214285714286	0.0573	0.0056	124	Leucine	ftp://ftp.ebi.ac.uk/pub/databases/gwas/summary_statistics//GCST90451001-GCST90452000/GCST90451158/GCST90451158.tsv.gz
Phe	0.0283684934198335	1.05020822787087	0.520954555727915	True	GCST90451239	Phenylalanine	Amino acids	5.576271186440678	0.0329	0.0059	55	Phenylalanine	ftp://ftp.ebi.ac.uk/pub/databases/gwas/summary_statistics//GCST90451001-GCST90452000/GCST90451239/GCST90451239.tsv.gz
Tyr	0.0730883654615243	1.03611686505829	0.333408581139191	True	GCST90451296	Tyrosine	Amino acids	5.152941176470588	0.0876	0.017	186	Tyrosine	ftp://ftp.ebi.ac.uk/pub/databases/gwas/summary_statistics//GCST90451001-GCST90452000/GCST90451296/GCST90451296.tsv.gz
Val	0.072135648268858	1.10568523558258	0.57735390408066	True	GCST90451298	Valine	Amino acids	12.86440677966102	0.0759	0.0059	202	Valine	ftp://ftp.ebi.ac.uk/pub/databases/gwas/summary_statistics//GCST90451001-GCST90452000/GCST90451298/GCST90451298.tsv.gz
ApoA1	0.126236576358769	1.3478847595004	0.994897707915133	True	GCST90451111	Apolipoprotein A1	Apolipoproteins	8.859756097560975	0.1453	0.0164	401	Apolipoprotein A1	ftp://ftp.ebi.ac.uk/pub/databases/gwas/summary_statistics//GCST90451001-GCST90452000/GCST90451111/GCST90451111.tsv.gz
HDL_C	0.163928383357316	1.41971086789533	0.993775174068825	False	GCST90451126	HDL cholesterol	Cholesterol	10.95375722543353	0.1895	0.0173	509	HDL cholesterol	ftp://ftp.ebi.ac.uk/pub/databases/gwas/summary_statistics//GCST90451001-GCST90452000/GCST90451126/GCST90451126.tsv.gz
VLDL_C	0.103245756032716	1.2932129718461	0.986648990365331	True	GCST90451300	VLDL cholesterol	Cholesterol	5.139240506329115	0.1218	0.0237	336	VLDL cholesterol	ftp://ftp.ebi.ac.uk/pub/databases/gwas/summary_statistics//GCST90451001-GCST90452000/GCST90451300/GCST90451300.tsv.gz
HDL_CE	0.166265368836099	1.42358174705754	0.962377478421056	True	GCST90451125	Cholesteryl esters in HDL	Cholesteryl esters	11.08045977011494	0.1928	0.0174	521	Cholesteryl esters in HDL	ftp://ftp.ebi.ac.uk/pub/databases/gwas/summary_statistics//GCST90451001-GCST90452000/GCST90451125/GCST90451125.tsv.gz
Total_CE	0.102873728489395	1.22720240153202	0.929302858164759	True	GCST90451288	Total esterified cholesterol	Cholesteryl esters	4.073170731707317	0.1002	0.0246	320	Total esterified cholesterol	ftp://ftp.ebi.ac.uk/pub/databases/gwas/summary_statistics//GCST90451001-GCST90452000/GCST90451288/GCST90451288.tsv.gz
VLDL_CE	0.096161120674733	1.27185586841944	0.992190496510832	True	GCST90451299	Cholesteryl esters in VLDL	Cholesteryl esters	4.61344537815126	0.1098	0.0238	326	Cholesteryl esters in VLDL	ftp://ftp.ebi.ac.uk/pub/databases/gwas/summary_statistics//GCST90451001-GCST90452000/GCST90451299/GCST90451299.tsv.gz
DHA	0.0890185129629961	1.18142867986324	0.82860962468955	True	GCST90451120	Docosahexaenoic acid	Fatty acids	10.26	0.1026	0.01	227	Docosahexaenoic acid	ftp://ftp.ebi.ac.uk/pub/databases/gwas/summary_statistics//GCST90451001-GCST90452000/GCST90451120/GCST90451120.tsv.gz
LA	0.091183983339574	1.21851716595145	0.966989533239387	True	GCST90451149	Linoleic acid	Fatty acids	4.928888888888889	0.1109	0.0225	263	Linoleic acid	ftp://ftp.ebi.ac.uk/pub/databases/gwas/summary_statistics//GCST90451001-GCST90452000/GCST90451149/GCST90451149.tsv.gz
MUFA	0.12194998210195	1.2197469807083	0.950027784160081	True	GCST90451220	Monounsaturated fatty acids	Fatty acids	7.427230046948357	0.1582	0.0213	349	Monounsaturated fatty acids	ftp://ftp.ebi.ac.uk/pub/databases/gwas/summary_statistics//GCST90451001-GCST90452000/GCST90451220/GCST90451220.tsv.gz
Omega_3	0.0983055104702798	1.20890868883218	0.764576136067358	True	GCST90451235	Omega-3 fatty acids	Fatty acids	8.240506329113924	0.1302	0.0158	270	Omega-3 fatty acids	ftp://ftp.ebi.ac.uk/pub/databases/gwas/summary_statistics//GCST90451001-GCST90452000/GCST90451235/GCST90451235.tsv.gz
Omega_6	0.0997912017762834	1.2073037723847	0.966431189911045	True	GCST90451238	Omega-6 fatty acids	Fatty acids	5.043478260869565	0.116	0.023	294	Omega-6 fatty acids	ftp://ftp.ebi.ac.uk/pub/databases/gwas/summary_statistics//GCST90451001-GCST90452000/GCST90451238/GCST90451238.tsv.gz
PUFA	0.102078147399255	1.2573914563267	0.938361983783162	True	GCST90451244	Polyunsaturated fatty acids	Fatty acids	5.599156118143461	0.1327	0.0237	330	Polyunsaturated fatty acids	ftp://ftp.ebi.ac.uk/pub/databases/gwas/summary_statistics//GCST90451001-GCST90452000/GCST90451244/GCST90451244.tsv.gz
SFA	0.0993096149316471	1.18362128700566	0.967907029404757	True	GCST90451248	Saturated fatty acids	Fatty acids	6.956043956043955	0.1266	0.0182	281	Saturated fatty acids	ftp://ftp.ebi.ac.uk/pub/databases/gwas/summary_statistics//GCST90451001-GCST90452000/GCST90451248/GCST90451248.tsv.gz
Total_FA	0.10412884649722	1.24118365589481	0.901230714597339	True	GCST90451290	Total fatty acids	Fatty acids	6.530516431924883	0.1391	0.0213	322	Total fatty acids	ftp://ftp.ebi.ac.uk/pub/databases/gwas/summary_statistics//GCST90451001-GCST90452000/GCST90451290/GCST90451290.tsv.gz
Albumin	0.0793774065345158	1.16144889656409	0.196576532651803	True	GCST90451110	Albumin	Fluid balance	15.94	0.0797	0.005	295	Albumin	ftp://ftp.ebi.ac.uk/pub/databases/gwas/summary_statistics//GCST90451001-GCST90452000/GCST90451110/GCST90451110.tsv.gz
Creatinine	0.130921670497705	1.21254230451138	0.314003120319571	True	GCST90451118	Creatinine	Fluid balance	15.54545454545454	0.1368	0.0088	462	Creatinine	ftp://ftp.ebi.ac.uk/pub/databases/gwas/summary_statistics//GCST90451001-GCST90452000/GCST90451118/GCST90451118.tsv.gz
HDL_FC	0.146157934647698	1.3803534250217	0.998316052140372	True	GCST90451127	Free cholesterol in HDL	Free cholesterol	10.24223602484472	0.1649	0.0161	430	Free cholesterol in HDL	ftp://ftp.ebi.ac.uk/pub/databases/gwas/summary_statistics//GCST90451001-GCST90452000/GCST90451127/GCST90451127.tsv.gz
VLDL_FC	0.112018040819399	1.30037256215728	1.00263550095747	True	GCST90451301	Free cholesterol in VLDL	Free cholesterol	6.168141592920354	0.1394	0.0226	357	Free cholesterol in VLDL	ftp://ftp.ebi.ac.uk/pub/databases/gwas/summary_statistics//GCST90451001-GCST90452000/GCST90451301/GCST90451301.tsv.gz
Citrate	0.0788961463708927	1.10986709929139	0.104871814457605	True	GCST90451116	Citrate	Glycolysis related metabolites	4.065573770491802	0.0744	0.0183	215	Citrate	ftp://ftp.ebi.ac.uk/pub/databases/gwas/summary_statistics//GCST90451001-GCST90452000/GCST90451116/GCST90451116.tsv.gz
Glucose	0.044389189443597	1.09926111815077	0.324893590454282	True	GCST90451122	Glucose	Glycolysis related metabolites	7.984126984126983	0.0503	0.0063	137	Glucose	ftp://ftp.ebi.ac.uk/pub/databases/gwas/summary_statistics//GCST90451001-GCST90452000/GCST90451122/GCST90451122.tsv.gz
Lactate	0.0374523695222852	1.0908082089569	0.560085976296864	True	GCST90451147	Lactate	Glycolysis related metabolites	13.0	0.0377	0.0029	91	Lactate	ftp://ftp.ebi.ac.uk/pub/databases/gwas/summary_statistics//GCST90451001-GCST90452000/GCST90451147/GCST90451147.tsv.gz
GlycA	0.137286097887262	1.19796925642461	0.698198503301468	True	GCST90451123	Glycoprotein acetyls	Inflammation	9.491017964071856	0.1585	0.0167	434	Glycoprotein acetyls	ftp://ftp.ebi.ac.uk/pub/databases/gwas/summary_statistics//GCST90451001-GCST90452000/GCST90451123/GCST90451123.tsv.gz
Acetate	0.0285524318997965	1.01428918157035	0.396934563646628	True	GCST90451106	Acetate	Ketone bodies	4.555555555555555	0.0287	0.0063	50	Acetate	ftp://ftp.ebi.ac.uk/pub/databases/gwas/summary_statistics//GCST90451001-GCST90452000/GCST90451106/GCST90451106.tsv.gz
Acetoacetate	0.0274273223168987	1.00064552333039	0.774578142067722	True	GCST90451107	Acetoacetate	Ketone bodies	5.893617021276595	0.0277	0.0047	35	Acetoacetate	ftp://ftp.ebi.ac.uk/pub/databases/gwas/summary_statistics//GCST90451001-GCST90452000/GCST90451107/GCST90451107.tsv.gz
Acetone	0.0326868401099145	1.00247065535015	0.547190386892789	True	GCST90451108	Acetone	Ketone bodies	4.956521739130435	0.0342	0.0069	50	Acetone	ftp://ftp.ebi.ac.uk/pub/databases/gwas/summary_statistics//GCST90451001-GCST90452000/GCST90451108/GCST90451108.tsv.gz
bOHbutyrate	0.0395526496927035	1.03734192568632	0.185778351333404	True	GCST90451114	3-Hydroxybutyrate	Ketone bodies	7.622641509433962	0.0404	0.0053	77	3-Hydroxybutyrate	ftp://ftp.ebi.ac.uk/pub/databases/gwas/summary_statistics//GCST90451001-GCST90452000/GCST90451114/GCST90451114.tsv.gz
HDL_size	0.166548639720104	1.44880647467862	0.986961332773599	True	GCST90451131	Average diameter for HDL particles	Lipoprotein particle sizes	10.76243093922652	0.1948	0.0181	506	Average diameter for HDL particles	ftp://ftp.ebi.ac.uk/pub/databases/gwas/summary_statistics//GCST90451001-GCST90452000/GCST90451131/GCST90451131.tsv.gz
LDL_size	0.0508956875384869	1.13200760023238	0.742718825409883	True	GCST90451156	Average diameter for LDL particles	Lipoprotein particle sizes	6.204819277108434	0.0515	0.0083	120	Average diameter for LDL particles	ftp://ftp.ebi.ac.uk/pub/databases/gwas/summary_statistics//GCST90451001-GCST90452000/GCST90451156/GCST90451156.tsv.gz
VLDL_size	0.143156683630558	1.30335922097849	0.977366545005197	True	GCST90451305	Average diameter for VLDL particles	Lipoprotein particle sizes	8.570093457943926	0.1834	0.0214	416	Average diameter for VLDL particles	ftp://ftp.ebi.ac.uk/pub/databases/gwas/summary_statistics//GCST90451001-GCST90452000/GCST90451305/GCST90451305.tsv.gz
IDL_TG	0.110415326107587	1.30364886334527	1.00013440128842	False	GCST90451145	Triglycerides in IDL	Lipoprotein subclasses	6.918660287081341	0.1446	0.0209	334	Triglycerides in IDL	ftp://ftp.ebi.ac.uk/pub/databases/gwas/summary_statistics//GCST90451001-GCST90452000/GCST90451145/GCST90451145.tsv.gz
L_HDL_C	0.184753980484845	1.48632644291644	1.00083345128888	True	GCST90451162	Cholesterol in large HDL	Lipoprotein subclasses	11.14720812182741	0.2196	0.0197	578	Cholesterol in large HDL	ftp://ftp.ebi.ac.uk/pub/databases/gwas/summary_statistics//GCST90451001-GCST90452000/GCST90451162/GCST90451162.tsv.gz
L_HDL_CE	0.184599921594672	1.50414387187844	0.992312301826923	False	GCST90451160	Cholesteryl esters in large HDL	Lipoprotein subclasses	11.36040609137056	0.2238	0.0197	588	Cholesteryl esters in large HDL	ftp://ftp.ebi.ac.uk/pub/databases/gwas/summary_statistics//GCST90451001-GCST90452000/GCST90451160/GCST90451160.tsv.gz
L_HDL_FC	0.171424477639089	1.45704311790875	0.99973380539778	False	GCST90451164	Free cholesterol in large HDL	Lipoprotein subclasses	10.23589743589744	0.1996	0.0195	541	Free cholesterol in large HDL	ftp://ftp.ebi.ac.uk/pub/databases/gwas/summary_statistics//GCST90451001-GCST90452000/GCST90451164/GCST90451164.tsv.gz
L_HDL_L	0.172785556870078	1.4670541435103	0.991212994907449	True	GCST90451165	Total lipids in large HDL	Lipoprotein subclasses	11.26519337016575	0.2039	0.0181	532	Total lipids in large HDL	ftp://ftp.ebi.ac.uk/pub/databases/gwas/summary_statistics//GCST90451001-GCST90452000/GCST90451165/GCST90451165.tsv.gz
L_HDL_PL	0.162626473287264	1.45167426015024	0.9200639513906	False	GCST90451167	Phospholipids in large HDL	Lipoprotein subclasses	10.89772727272727	0.1918	0.0176	510	Phospholipids in large HDL	ftp://ftp.ebi.ac.uk/pub/databases/gwas/summary_statistics//GCST90451001-GCST90452000/GCST90451167/GCST90451167.tsv.gz
L_LDL_TG	0.11306674910197	1.28822783088958	0.988748591312033	True	GCST90451182	Triglycerides in large LDL	Lipoprotein subclasses	7.163366336633663	0.1447	0.0202	355	Triglycerides in large LDL	ftp://ftp.ebi.ac.uk/pub/databases/gwas/summary_statistics//GCST90451001-GCST90452000/GCST90451182/GCST90451182.tsv.gz
L_VLDL_C	0.126442554202404	1.32422433625101	1.00559689186637	False	GCST90451186	Cholesterol in large VLDL	Lipoprotein subclasses	7.635514018691588	0.1634	0.0214	404	Cholesterol in large VLDL	ftp://ftp.ebi.ac.uk/pub/databases/gwas/summary_statistics//GCST90451001-GCST90452000/GCST90451186/GCST90451186.tsv.gz
L_VLDL_CE	0.118353215912751	1.29932038405183	0.998724491431977	False	GCST90451184	Cholesteryl esters in large VLDL	Lipoprotein subclasses	7.018779342723005	0.1495	0.0213	372	Cholesteryl esters in large VLDL	ftp://ftp.ebi.ac.uk/pub/databases/gwas/summary_statistics//GCST90451001-GCST90452000/GCST90451184/GCST90451184.tsv.gz
L_VLDL_FC	0.13732220572053	1.31389852810911	0.996580482437009	False	GCST90451188	Free cholesterol in large VLDL	Lipoprotein subclasses	8.264150943396226	0.1752	0.0212	422	Free cholesterol in large VLDL	ftp://ftp.ebi.ac.uk/pub/databases/gwas/summary_statistics//GCST90451001-GCST90452000/GCST90451188/GCST90451188.tsv.gz
L_VLDL_L	0.135436081373871	1.28154108088764	0.999690158725165	False	GCST90451189	Total lipids in large VLDL	Lipoprotein subclasses	8.281553398058252	0.1706	0.0206	400	Total lipids in large VLDL	ftp://ftp.ebi.ac.uk/pub/databases/gwas/summary_statistics//GCST90451001-GCST90452000/GCST90451189/GCST90451189.tsv.gz
L_VLDL_PL	0.140556469865657	1.30788394268273	0.994555138494916	True	GCST90451191	Phospholipids in large VLDL	Lipoprotein subclasses	8.446009389671362	0.1799	0.0213	430	Phospholipids in large VLDL	ftp://ftp.ebi.ac.uk/pub/databases/gwas/summary_statistics//GCST90451001-GCST90452000/GCST90451191/GCST90451191.tsv.gz
L_VLDL_TG	0.131983246986134	1.25034838974241	0.993131726265059	False	GCST90451194	Triglycerides in large VLDL	Lipoprotein subclasses	8.395939086294417	0.1654	0.0197	386	Triglycerides in large VLDL	ftp://ftp.ebi.ac.uk/pub/databases/gwas/summary_statistics//GCST90451001-GCST90452000/GCST90451194/GCST90451194.tsv.gz
M_HDL_C	0.135579329102525	1.36027781762172	0.998645696150199	False	GCST90451198	Cholesterol in medium HDL	Lipoprotein subclasses	9.272727272727272	0.153	0.0165	422	Cholesterol in medium HDL	ftp://ftp.ebi.ac.uk/pub/databases/gwas/summary_statistics//GCST90451001-GCST90452000/GCST90451198/GCST90451198.tsv.gz
M_HDL_CE	0.136674625990564	1.36113911420203	0.965417903777817	True	GCST90451196	Cholesteryl esters in medium HDL	Lipoprotein subclasses	9.248484848484848	0.1526	0.0165	425	Cholesteryl esters in medium HDL	ftp://ftp.ebi.ac.uk/pub/databases/gwas/summary_statistics//GCST90451001-GCST90452000/GCST90451196/GCST90451196.tsv.gz
M_HDL_FC	0.126224853934404	1.35332843613347	0.995377811337113	False	GCST90451200	Free cholesterol in medium HDL	Lipoprotein subclasses	9.122699386503069	0.1487	0.0163	404	Free cholesterol in medium HDL	ftp://ftp.ebi.ac.uk/pub/databases/gwas/summary_statistics//GCST90451001-GCST90452000/GCST90451200/GCST90451200.tsv.gz
M_HDL_L	0.111891058771274	1.34431791659517	0.987517402611056	True	GCST90451201	Total lipids in medium HDL	Lipoprotein subclasses	7.138121546961326	0.1292	0.0181	357	Total lipids in medium HDL	ftp://ftp.ebi.ac.uk/pub/databases/gwas/summary_statistics//GCST90451001-GCST90452000/GCST90451201/GCST90451201.tsv.gz
M_HDL_PL	0.104176675786629	1.31591505849151	0.942782416299127	True	GCST90451203	Phospholipids in medium HDL	Lipoprotein subclasses	6.322751322751323	0.1195	0.0189	317	Phospholipids in medium HDL	ftp://ftp.ebi.ac.uk/pub/databases/gwas/summary_statistics//GCST90451001-GCST90452000/GCST90451203/GCST90451203.tsv.gz
M_HDL_TG	0.0978300475791772	1.29746379964973	0.987557994990313	True	GCST90451206	Triglycerides in medium HDL	Lipoprotein subclasses	4.992337164750958	0.1303	0.0261	275	Triglycerides in medium HDL	ftp://ftp.ebi.ac.uk/pub/databases/gwas/summary_statistics//GCST90451001-GCST90452000/GCST90451206/GCST90451206.tsv.gz
M_LDL_TG	0.126307658774937	1.30319148761576	0.989409109858593	True	GCST90451218	Triglycerides in medium LDL	Lipoprotein subclasses	7.353982300884955	0.1662	0.0226	398	Triglycerides in medium LDL	ftp://ftp.ebi.ac.uk/pub/databases/gwas/summary_statistics//GCST90451001-GCST90452000/GCST90451218/GCST90451218.tsv.gz
M_VLDL_FC	0.0952334522851754	1.25717544198909	0.986157749135684	False	GCST90451226	Free cholesterol in medium VLDL	Lipoprotein subclasses	4.254980079681275	0.1068	0.0251	319	Free cholesterol in medium VLDL	ftp://ftp.ebi.ac.uk/pub/databases/gwas/summary_statistics//GCST90451001-GCST90452000/GCST90451226/GCST90451226.tsv.gz
M_VLDL_L	0.108490957714088	1.28469037723922	0.984366089415561	False	GCST90451227	Total lipids in medium VLDL	Lipoprotein subclasses	5.570833333333334	0.1337	0.024	354	Total lipids in medium VLDL	ftp://ftp.ebi.ac.uk/pub/databases/gwas/summary_statistics//GCST90451001-GCST90452000/GCST90451227/GCST90451227.tsv.gz
M_VLDL_PL	0.101201203465299	1.27090898216744	0.990215925680166	False	GCST90451229	Phospholipids in medium VLDL	Lipoprotein subclasses	4.66798418972332	0.1181	0.0253	344	Phospholipids in medium VLDL	ftp://ftp.ebi.ac.uk/pub/databases/gwas/summary_statistics//GCST90451001-GCST90452000/GCST90451229/GCST90451229.tsv.gz
M_VLDL_TG	0.131822205296143	1.26256208061221	0.991563775703173	True	GCST90451232	Triglycerides in medium VLDL	Lipoprotein subclasses	7.772093023255814	0.1671	0.0215	400	Triglycerides in medium VLDL	ftp://ftp.ebi.ac.uk/pub/databases/gwas/summary_statistics//GCST90451001-GCST90452000/GCST90451232/GCST90451232.tsv.gz
S_HDL_C	0.10061853305425	1.12956521420266	0.97309600846563	True	GCST90451252	Cholesterol in small HDL	Lipoprotein subclasses	7.916666666666667	0.114	0.0144	284	Cholesterol in small HDL	ftp://ftp.ebi.ac.uk/pub/databases/gwas/summary_statistics//GCST90451001-GCST90452000/GCST90451252/GCST90451252.tsv.gz
S_HDL_CE	0.0957694172018851	1.15020149397757	0.909973576865869	True	GCST90451250	Cholesteryl esters in small HDL	Lipoprotein subclasses	7.791366906474821	0.1083	0.0139	275	Cholesteryl esters in small HDL	ftp://ftp.ebi.ac.uk/pub/databases/gwas/summary_statistics//GCST90451001-GCST90452000/GCST90451250/GCST90451250.tsv.gz
S_HDL_FC	0.101462657011443	1.15934415594965	0.952052739497429	True	GCST90451254	Free cholesterol in small HDL	Lipoprotein subclasses	7.229411764705882	0.1229	0.017	302	Free cholesterol in small HDL	ftp://ftp.ebi.ac.uk/pub/databases/gwas/summary_statistics//GCST90451001-GCST90452000/GCST90451254/GCST90451254.tsv.gz
S_HDL_L	0.11036954107425	1.11550200652871	0.98911179252517	True	GCST90451255	Total lipids in small HDL	Lipoprotein subclasses	7.307692307692307	0.133	0.0182	310	Total lipids in small HDL	ftp://ftp.ebi.ac.uk/pub/databases/gwas/summary_statistics//GCST90451001-GCST90452000/GCST90451255/GCST90451255.tsv.gz
S_HDL_PL	0.107755613220019	1.13372585403898	0.780566307432331	True	GCST90451257	Phospholipids in small HDL	Lipoprotein subclasses	6.65979381443299	0.1292	0.0194	299	Phospholipids in small HDL	ftp://ftp.ebi.ac.uk/pub/databases/gwas/summary_statistics//GCST90451001-GCST90452000/GCST90451257/GCST90451257.tsv.gz
S_HDL_TG	0.14594338286174	1.3478692200722	0.970538997427806	True	GCST90451260	Triglycerides in small HDL	Lipoprotein subclasses	7.234375	0.1852	0.0256	440	Triglycerides in small HDL	ftp://ftp.ebi.ac.uk/pub/databases/gwas/summary_statistics//GCST90451001-GCST90452000/GCST90451260/GCST90451260.tsv.gz
S_LDL_TG	0.129692909276509	1.28926268099672	0.980944289227217	True	GCST90451272	Triglycerides in small LDL	Lipoprotein subclasses	7.324675324675325	0.1692	0.0231	404	Triglycerides in small LDL	ftp://ftp.ebi.ac.uk/pub/databases/gwas/summary_statistics//GCST90451001-GCST90452000/GCST90451272/GCST90451272.tsv.gz
S_VLDL_C	0.102282922236931	1.29917726368845	1.00134051309654	False	GCST90451277	Cholesterol in small VLDL	Lipoprotein subclasses	4.863070539419087	0.1172	0.0241	340	Cholesterol in small VLDL	ftp://ftp.ebi.ac.uk/pub/databases/gwas/summary_statistics//GCST90451001-GCST90452000/GCST90451277/GCST90451277.tsv.gz
S_VLDL_CE	0.105908996633486	1.31677911950895	0.9791281137196	True	GCST90451275	Cholesteryl esters in small VLDL	Lipoprotein subclasses	5.359307359307359	0.1238	0.0231	348	Cholesteryl esters in small VLDL	ftp://ftp.ebi.ac.uk/pub/databases/gwas/summary_statistics//GCST90451001-GCST90452000/GCST90451275/GCST90451275.tsv.gz
S_VLDL_FC	0.0975324332762738	1.26162426830785	0.957886620940232	True	GCST90451279	Free cholesterol in small VLDL	Lipoprotein subclasses	4.212	0.1053	0.025	323	Free cholesterol in small VLDL	ftp://ftp.ebi.ac.uk/pub/databases/gwas/summary_statistics//GCST90451001-GCST90452000/GCST90451279/GCST90451279.tsv.gz
S_VLDL_L	0.123164661919242	1.30441970261953	0.976708706123844	True	GCST90451280	Total lipids in small VLDL	Lipoprotein subclasses	6.648535564853557	0.1589	0.0239	395	Total lipids in small VLDL	ftp://ftp.ebi.ac.uk/pub/databases/gwas/summary_statistics//GCST90451001-GCST90452000/GCST90451280/GCST90451280.tsv.gz
S_VLDL_PL	0.109194644655352	1.29064622122867	0.931258432634532	True	GCST90451282	Phospholipids in small VLDL	Lipoprotein subclasses	5.0390625	0.129	0.0256	364	Phospholipids in small VLDL	ftp://ftp.ebi.ac.uk/pub/databases/gwas/summary_statistics//GCST90451001-GCST90452000/GCST90451282/GCST90451282.tsv.gz
S_VLDL_TG	0.137696670043081	1.29924957616836	0.977977827097969	True	GCST90451285	Triglycerides in small VLDL	Lipoprotein subclasses	6.944664031620554	0.1757	0.0253	411	Triglycerides in small VLDL	ftp://ftp.ebi.ac.uk/pub/databases/gwas/summary_statistics//GCST90451001-GCST90452000/GCST90451285/GCST90451285.tsv.gz
XL_HDL_C	0.164497628679522	1.46240921822936	0.99979052673048	False	GCST90451310	Cholesterol in very large HDL	Lipoprotein subclasses	7.699186991869919	0.1894	0.0246	533	Cholesterol in very large HDL	ftp://ftp.ebi.ac.uk/pub/databases/gwas/summary_statistics//GCST90451001-GCST90452000/GCST90451310/GCST90451310.tsv.gz
XL_HDL_CE	0.171116152461791	1.47629268594431	0.996312632338531	True	GCST90451308	Cholesteryl esters in very large HDL	Lipoprotein subclasses	8.322033898305085	0.1964	0.0236	549	Cholesteryl esters in very large HDL	ftp://ftp.ebi.ac.uk/pub/databases/gwas/summary_statistics//GCST90451001-GCST90452000/GCST90451308/GCST90451308.tsv.gz
XL_HDL_FC	0.135029539818058	1.3928114721158	0.98331468822305	True	GCST90451312	Free cholesterol in very large HDL	Lipoprotein subclasses	5.969811320754717	0.1582	0.0265	422	Free cholesterol in very large HDL	ftp://ftp.ebi.ac.uk/pub/databases/gwas/summary_statistics//GCST90451001-GCST90452000/GCST90451312/GCST90451312.tsv.gz
XL_HDL_L	0.15565591317067	1.44196021632338	1.0079377635804	False	GCST90451313	Total lipids in very large HDL	Lipoprotein subclasses	8.533333333333333	0.1792	0.021	495	Total lipids in very large HDL	ftp://ftp.ebi.ac.uk/pub/databases/gwas/summary_statistics//GCST90451001-GCST90452000/GCST90451313/GCST90451313.tsv.gz
XL_HDL_PL	0.151641197055116	1.42268395326829	0.744337668827433	False	GCST90451315	Phospholipids in very large HDL	Lipoprotein subclasses	9.210256410256411	0.1796	0.0195	479	Phospholipids in very large HDL	ftp://ftp.ebi.ac.uk/pub/databases/gwas/summary_statistics//GCST90451001-GCST90452000/GCST90451315/GCST90451315.tsv.gz
XL_HDL_TG	0.0786767645444726	1.28303597113717	0.820824823257158	True	GCST90451318	Triglycerides in very large HDL	Lipoprotein subclasses	5.09047619047619	0.1069	0.021	261	Triglycerides in very large HDL	ftp://ftp.ebi.ac.uk/pub/databases/gwas/summary_statistics//GCST90451001-GCST90452000/GCST90451318/GCST90451318.tsv.gz
XL_VLDL_C	0.127693295018195	1.31254009790651	1.00222913581249	False	GCST90451322	Cholesterol in very large VLDL	Lipoprotein subclasses	7.751196172248805	0.162	0.0209	398	Cholesterol in very large VLDL	ftp://ftp.ebi.ac.uk/pub/databases/gwas/summary_statistics//GCST90451001-GCST90452000/GCST90451322/GCST90451322.tsv.gz
XL_VLDL_CE	0.123346433928913	1.29936947464142	0.991770501805984	False	GCST90451320	Cholesteryl esters in very large VLDL	Lipoprotein subclasses	7.065420560747664	0.1512	0.0214	376	Cholesteryl esters in very large VLDL	ftp://ftp.ebi.ac.uk/pub/databases/gwas/summary_statistics//GCST90451001-GCST90452000/GCST90451320/GCST90451320.tsv.gz
XL_VLDL_FC	0.132869983112845	1.28690527331969	0.995494884723107	False	GCST90451324	Free cholesterol in very large VLDL	Lipoprotein subclasses	8.220588235294116	0.1677	0.0204	401	Free cholesterol in very large VLDL	ftp://ftp.ebi.ac.uk/pub/databases/gwas/summary_statistics//GCST90451001-GCST90452000/GCST90451324/GCST90451324.tsv.gz
XL_VLDL_L	0.138420992148794	1.29220157860683	1.00191930338319	False	GCST90451325	Total lipids in very large VLDL	Lipoprotein subclasses	8.598039215686274	0.1754	0.0204	417	Total lipids in very large VLDL	ftp://ftp.ebi.ac.uk/pub/databases/gwas/summary_statistics//GCST90451001-GCST90452000/GCST90451325/GCST90451325.tsv.gz
XL_VLDL_PL	0.135890148348691	1.28744745731787	0.996473931105647	False	GCST90451327	Phospholipids in very large VLDL	Lipoprotein subclasses	8.448275862068966	0.1715	0.0203	410	Phospholipids in very large VLDL	ftp://ftp.ebi.ac.uk/pub/databases/gwas/summary_statistics//GCST90451001-GCST90452000/GCST90451327/GCST90451327.tsv.gz
XL_VLDL_TG	0.142049884060754	1.27709000619768	0.991836780126299	True	GCST90451330	Triglycerides in very large VLDL	Lipoprotein subclasses	8.709359605911331	0.1768	0.0203	421	Triglycerides in very large VLDL	ftp://ftp.ebi.ac.uk/pub/databases/gwas/summary_statistics//GCST90451001-GCST90452000/GCST90451330/GCST90451330.tsv.gz
XS_VLDL_C	0.0887897030843187	1.25658816982532	0.978709348408887	True	GCST90451334	Cholesterol in very small VLDL	Lipoprotein subclasses	4.152466367713004	0.0926	0.0223	289	Cholesterol in very small VLDL	ftp://ftp.ebi.ac.uk/pub/databases/gwas/summary_statistics//GCST90451001-GCST90452000/GCST90451334/GCST90451334.tsv.gz
XS_VLDL_CE	0.0915036642045471	1.24859719018527	0.863745905596956	True	GCST90451332	Cholesteryl esters in very small VLDL	Lipoprotein subclasses	4.043668122270742	0.0926	0.0229	279	Cholesteryl esters in very small VLDL	ftp://ftp.ebi.ac.uk/pub/databases/gwas/summary_statistics//GCST90451001-GCST90452000/GCST90451332/GCST90451332.tsv.gz
XS_VLDL_FC	0.0930583940835716	1.25643493006731	0.981077990504599	True	GCST90451336	Free cholesterol in very small VLDL	Lipoprotein subclasses	4.870813397129187	0.1018	0.0209	304	Free cholesterol in very small VLDL	ftp://ftp.ebi.ac.uk/pub/databases/gwas/summary_statistics//GCST90451001-GCST90452000/GCST90451336/GCST90451336.tsv.gz
XS_VLDL_L	0.0956868123708784	1.26704241164669	0.999293580641031	True	GCST90451337	Total lipids in very small VLDL	Lipoprotein subclasses	5.240384615384616	0.109	0.0208	314	Total lipids in very small VLDL	ftp://ftp.ebi.ac.uk/pub/databases/gwas/summary_statistics//GCST90451001-GCST90452000/GCST90451337/GCST90451337.tsv.gz
XS_VLDL_PL	0.0949105775998511	1.30236007269583	0.810733200350715	False	GCST90451339	Phospholipids in very small VLDL	Lipoprotein subclasses	5.75	0.115	0.02	330	Phospholipids in very small VLDL	ftp://ftp.ebi.ac.uk/pub/databases/gwas/summary_statistics//GCST90451001-GCST90452000/GCST90451339/GCST90451339.tsv.gz
XS_VLDL_TG	0.125027572231078	1.32317759467614	0.971996466935494	True	GCST90451342	Triglycerides in very small VLDL	Lipoprotein subclasses	6.567901234567901	0.1596	0.0243	376	Triglycerides in very small VLDL	ftp://ftp.ebi.ac.uk/pub/databases/gwas/summary_statistics//GCST90451001-GCST90452000/GCST90451342/GCST90451342.tsv.gz
XXL_VLDL_C	0.128117687043556	1.26286495016061	0.998513393758254	True	GCST90451346	Cholesterol in chylomicrons and extremely large VLDL	Lipoprotein subclasses	6.865217391304348	0.1579	0.023	360	Cholesterol in chylomicrons and extremely large VLDL	ftp://ftp.ebi.ac.uk/pub/databases/gwas/summary_statistics//GCST90451001-GCST90452000/GCST90451346/GCST90451346.tsv.gz
XXL_VLDL_CE	0.127569242325144	1.26468710070627	0.989805871458113	False	GCST90451344	Cholesteryl esters in chylomicrons and extremely large VLDL	Lipoprotein subclasses	6.977973568281938	0.1584	0.0227	373	Cholesteryl esters in chylomicrons and extremely large VLDL	ftp://ftp.ebi.ac.uk/pub/databases/gwas/summary_statistics//GCST90451001-GCST90452000/GCST90451344/GCST90451344.tsv.gz
XXL_VLDL_FC	0.12487378487997	1.24185676778122	0.997479265307079	False	GCST90451348	Free cholesterol in chylomicrons and extremely large VLDL	Lipoprotein subclasses	6.617391304347827	0.1522	0.023	348	Free cholesterol in chylomicrons and extremely large VLDL	ftp://ftp.ebi.ac.uk/pub/databases/gwas/summary_statistics//GCST90451001-GCST90452000/GCST90451348/GCST90451348.tsv.gz
XXL_VLDL_L	0.119300188562389	1.21589113090195	0.993804168226395	True	GCST90451349	Total lipids in chylomicrons and extremely large VLDL	Lipoprotein subclasses	7.083333333333332	0.1445	0.0204	327	Total lipids in chylomicrons and extremely large VLDL	ftp://ftp.ebi.ac.uk/pub/databases/gwas/summary_statistics//GCST90451001-GCST90452000/GCST90451349/GCST90451349.tsv.gz
XXL_VLDL_PL	0.127966486205641	1.24984822323116	0.984262252977215	False	GCST90451351	Phospholipids in chylomicrons and extremely large VLDL	Lipoprotein subclasses	6.906666666666667	0.1554	0.0225	362	Phospholipids in chylomicrons and extremely large VLDL	ftp://ftp.ebi.ac.uk/pub/databases/gwas/summary_statistics//GCST90451001-GCST90452000/GCST90451351/GCST90451351.tsv.gz
XXL_VLDL_TG	0.110040145199427	1.18130872716266	0.942322897966799	True	GCST90451354	Triglycerides in chylomicrons and extremely large VLDL	Lipoprotein subclasses	7.311111111111112	0.1316	0.018	291	Triglycerides in chylomicrons and extremely large VLDL	ftp://ftp.ebi.ac.uk/pub/databases/gwas/summary_statistics//GCST90451001-GCST90452000/GCST90451354/GCST90451354.tsv.gz
Cholines	0.101658956003054	1.25293363375797	1.00169682129536	True	GCST90451115	Total cholines	Other lipids	6.801136363636363	0.1197	0.0176	308	Total cholines	ftp://ftp.ebi.ac.uk/pub/databases/gwas/summary_statistics//GCST90451001-GCST90452000/GCST90451115/GCST90451115.tsv.gz
Phosphatidylc	0.100923677349481	1.24343159463964	0.986232385031925	True	GCST90451240	Phosphatidylcholines	Other lipids	6.718232044198895	0.1216	0.0181	305	Phosphatidylcholines	ftp://ftp.ebi.ac.uk/pub/databases/gwas/summary_statistics//GCST90451001-GCST90452000/GCST90451240/GCST90451240.tsv.gz
Phosphoglyc	0.102064270825176	1.21278831662882	0.983954912551461	True	GCST90451241	Phosphoglycerides	Other lipids	6.910112359550562	0.123	0.0178	293	Phosphoglycerides	ftp://ftp.ebi.ac.uk/pub/databases/gwas/summary_statistics//GCST90451001-GCST90452000/GCST90451241/GCST90451241.tsv.gz
Sphingomyelins	0.101033503862646	1.30504972394128	0.842181606936256	True	GCST90451273	Sphingomyelins	Other lipids	4.37872340425532	0.1029	0.0235	315	Sphingomyelins	ftp://ftp.ebi.ac.uk/pub/databases/gwas/summary_statistics//GCST90451001-GCST90452000/GCST90451273/GCST90451273.tsv.gz
HDL_PL	0.121426471639266	1.38420734982122	0.986402881368736	False	GCST90451129	Phospholipids in HDL	Phospholipids	8.47337278106509	0.1432	0.0169	380	Phospholipids in HDL	ftp://ftp.ebi.ac.uk/pub/databases/gwas/summary_statistics//GCST90451001-GCST90452000/GCST90451129/GCST90451129.tsv.gz
Total_PL	0.101396670198467	1.23087612132139	0.901472464705331	False	GCST90451293	Total phospholipids in lipoprotein particles	Phospholipids	5.968911917098445	0.1152	0.0193	315	Total phospholipids in lipoprotein particles	ftp://ftp.ebi.ac.uk/pub/databases/gwas/summary_statistics//GCST90451001-GCST90452000/GCST90451293/GCST90451293.tsv.gz
VLDL_PL	0.121682720592557	1.29203346636064	1.00017520725954	False	GCST90451303	Phospholipids in VLDL	Phospholipids	6.882352941176471	0.1521	0.0221	376	Phospholipids in VLDL	ftp://ftp.ebi.ac.uk/pub/databases/gwas/summary_statistics//GCST90451001-GCST90452000/GCST90451303/GCST90451303.tsv.gz
HDL_L	0.134729182337307	1.39300285808737	0.450852781398603	False	GCST90451128	Total lipids in HDL	Total lipids	9.646341463414634	0.1582	0.0164	422	Total lipids in HDL	ftp://ftp.ebi.ac.uk/pub/databases/gwas/summary_statistics//GCST90451001-GCST90452000/GCST90451128/GCST90451128.tsv.gz
Total_L	0.0982049613819429	1.19873309092785	0.717892998014282	True	GCST90451292	Total lipids in lipoprotein particles	Total lipids	4.597457627118644	0.1085	0.0236	293	Total lipids in lipoprotein particles	ftp://ftp.ebi.ac.uk/pub/databases/gwas/summary_statistics//GCST90451001-GCST90452000/GCST90451292/GCST90451292.tsv.gz
VLDL_L	0.124698993462118	1.28790433167847	0.988327750344677	True	GCST90451302	Total lipids in VLDL	Total lipids	7.453271028037384	0.1595	0.0214	388	Total lipids in VLDL	ftp://ftp.ebi.ac.uk/pub/databases/gwas/summary_statistics//GCST90451001-GCST90452000/GCST90451302/GCST90451302.tsv.gz
HDL_TG	0.0973546956005861	1.29627637977798	0.9152102665277	True	GCST90451132	Triglycerides in HDL	Triglycerides	5.077821011673151	0.1305	0.0257	272	Triglycerides in HDL	ftp://ftp.ebi.ac.uk/pub/databases/gwas/summary_statistics//GCST90451001-GCST90452000/GCST90451132/GCST90451132.tsv.gz
LDL_TG	0.120955242375333	1.28100718400862	0.897054860774513	True	GCST90451157	Triglycerides in LDL	Triglycerides	7.289719626168225	0.156	0.0214	370	Triglycerides in LDL	ftp://ftp.ebi.ac.uk/pub/databases/gwas/summary_statistics//GCST90451001-GCST90452000/GCST90451157/GCST90451157.tsv.gz
Total_TG	0.136525220974698	1.27048082798775	0.989428492450633	True	GCST90451295	Total triglycerides	Triglycerides	7.790909090909091	0.1714	0.022	402	Total triglycerides	ftp://ftp.ebi.ac.uk/pub/databases/gwas/summary_statistics//GCST90451001-GCST90452000/GCST90451295/GCST90451295.tsv.gz
VLDL_TG	0.137025103966436	1.26781996194709		False	GCST90451306	Triglycerides in VLDL	Triglycerides	8.136792452830187	0.1725	0.0212	396	Triglycerides in VLDL	ftp://ftp.ebi.ac.uk/pub/databases/gwas/summary_statistics//GCST90451001-GCST90452000/GCST90451306/GCST90451306.tsv.gz
